-- phpMyAdmin SQL Dump
-- version 4.9.0.1
-- https://www.phpmyadmin.net/
--
-- Servidor: 127.0.0.1
-- Tiempo de generación: 04-12-2022 a las 22:07:58
-- Versión del servidor: 10.3.16-MariaDB
-- Versión de PHP: 7.3.8

SET SQL_MODE = "NO_AUTO_VALUE_ON_ZERO";
SET AUTOCOMMIT = 0;
START TRANSACTION;
SET time_zone = "+00:00";


/*!40101 SET @OLD_CHARACTER_SET_CLIENT=@@CHARACTER_SET_CLIENT */;
/*!40101 SET @OLD_CHARACTER_SET_RESULTS=@@CHARACTER_SET_RESULTS */;
/*!40101 SET @OLD_COLLATION_CONNECTION=@@COLLATION_CONNECTION */;
/*!40101 SET NAMES utf8mb4 */;

--
-- Base de datos: `bdcarritocompras`
--

-- --------------------------------------------------------

--
-- Estructura de tabla para la tabla `compra`
--

CREATE TABLE `compra` (
  `idcompra` bigint(20) NOT NULL,
  `cofecha` timestamp NOT NULL DEFAULT current_timestamp() ON UPDATE current_timestamp(),
  `idusuario` bigint(20) NOT NULL
) ENGINE=InnoDB DEFAULT CHARSET=latin1;

--
-- Volcado de datos para la tabla `compra`
--

INSERT INTO `compra` (`idcompra`, `cofecha`, `idusuario`) VALUES
(1, '2022-12-05 00:19:34', 3),
(2, '2022-12-05 00:38:11', 4),
(3, '2022-12-05 00:51:35', 3);

-- --------------------------------------------------------

--
-- Estructura de tabla para la tabla `compraestado`
--

CREATE TABLE `compraestado` (
  `idcompraestado` bigint(20) UNSIGNED NOT NULL,
  `idcompra` bigint(11) NOT NULL,
  `idcompraestadotipo` int(11) NOT NULL,
  `cefechaini` timestamp NOT NULL DEFAULT current_timestamp(),
  `cefechafin` timestamp NULL DEFAULT NULL
) ENGINE=InnoDB DEFAULT CHARSET=latin1;

--
-- Volcado de datos para la tabla `compraestado`
--

INSERT INTO `compraestado` (`idcompraestado`, `idcompra`, `idcompraestadotipo`, `cefechaini`, `cefechafin`) VALUES
(1, 1, 1, '2022-12-05 00:19:35', '2022-12-05 00:25:28'),
(2, 1, 2, '2022-12-05 00:25:28', '2022-12-05 00:40:52'),
(3, 2, 1, '2022-12-05 00:38:12', '2022-12-05 00:38:26'),
(4, 2, 2, '2022-12-05 00:38:26', '2022-12-05 00:41:57'),
(5, 1, 3, '2022-12-05 00:40:52', '2022-12-05 00:41:02'),
(6, 1, 4, '2022-12-05 00:41:02', '0000-00-00 00:00:00'),
(7, 2, 5, '2022-12-05 00:41:57', '0000-00-00 00:00:00'),
(8, 3, 1, '2022-12-05 00:51:35', '2022-12-05 00:51:47'),
(9, 3, 2, '2022-12-05 00:51:47', '2022-12-05 00:57:54'),
(10, 3, 3, '2022-12-05 00:57:54', '2022-12-05 00:57:58'),
(11, 3, 4, '2022-12-05 00:57:58', '0000-00-00 00:00:00');

-- --------------------------------------------------------

--
-- Estructura de tabla para la tabla `compraestadotipo`
--

CREATE TABLE `compraestadotipo` (
  `idcompraestadotipo` int(11) NOT NULL,
  `cetdescripcion` varchar(50) NOT NULL,
  `cetdetalle` varchar(256) NOT NULL
) ENGINE=InnoDB DEFAULT CHARSET=latin1;

--
-- Volcado de datos para la tabla `compraestadotipo`
--

INSERT INTO `compraestadotipo` (`idcompraestadotipo`, `cetdescripcion`, `cetdetalle`) VALUES
(1, 'borrador', 'cuando el usuario : cliente almacena productos para su posterior compra'),
(2, 'iniciada', 'cuando el usuario : cliente inicia la compra de uno o mas productos del carrito'),
(3, 'aceptada', 'cuando el usuario : administrador da ingreso a uno de las compras en estado = 1 '),
(4, 'enviada', 'cuando el usuario : administrador envia a uno de las compras en estado =2 '),
(5, 'cancelada', 'un usuario : administrador podra cancelar una compra en cualquier estado y un usuario cliente solo en estado=1 ');

-- --------------------------------------------------------

--
-- Estructura de tabla para la tabla `compraitem`
--

CREATE TABLE `compraitem` (
  `idcompraitem` bigint(20) UNSIGNED NOT NULL,
  `idproducto` bigint(20) NOT NULL,
  `idcompra` bigint(20) NOT NULL,
  `cicantidad` int(11) NOT NULL
) ENGINE=InnoDB DEFAULT CHARSET=latin1;

--
-- Volcado de datos para la tabla `compraitem`
--

INSERT INTO `compraitem` (`idcompraitem`, `idproducto`, `idcompra`, `cicantidad`) VALUES
(1, 1, 1, 5),
(5, 1, 3, 4);

-- --------------------------------------------------------

--
-- Estructura de tabla para la tabla `menu`
--

CREATE TABLE `menu` (
  `idmenu` bigint(20) NOT NULL,
  `menombre` varchar(50) NOT NULL COMMENT 'Nombre del item del menu',
  `medescripcion` varchar(124) NOT NULL COMMENT 'Descripcion mas detallada del item del menu',
  `idpadre` bigint(20) DEFAULT NULL COMMENT 'Referencia al id del menu que es subitem',
  `medeshabilitado` timestamp NULL DEFAULT current_timestamp() COMMENT 'Fecha en la que el menu fue deshabilitado por ultima vez'
) ENGINE=InnoDB DEFAULT CHARSET=latin1;

--
-- Volcado de datos para la tabla `menu`
--

INSERT INTO `menu` (`idmenu`, `menombre`, `medescripcion`, `idpadre`, `medeshabilitado`) VALUES
(1, 'Comprar', '../cliente/index.php', NULL, '2022-11-20 00:59:30'),
(2, 'Mis compras', '../cliente/miscompras.php', NULL, '2022-11-20 01:08:01'),
(3, 'Mi perfil', '../cliente/miperfil.php', NULL, '2022-11-20 01:09:16'),
(4, 'Productos', '../producto/index.php', NULL, '2022-11-20 01:14:30'),
(5, 'Gestion compras', '../producto/gestionCompras.php', NULL, '2022-11-25 06:53:57'),
(6, 'Usuarios', '../usuario/index.php', NULL, '2022-11-25 07:42:49');

-- --------------------------------------------------------

--
-- Estructura de tabla para la tabla `menurol`
--

CREATE TABLE `menurol` (
  `idmenu` bigint(20) NOT NULL,
  `idrol` bigint(20) NOT NULL
) ENGINE=InnoDB DEFAULT CHARSET=latin1;

--
-- Volcado de datos para la tabla `menurol`
--

INSERT INTO `menurol` (`idmenu`, `idrol`) VALUES
(1, 2),
(2, 2),
(3, 2),
(4, 1),
(4, 3),
(5, 1),
(6, 1);

-- --------------------------------------------------------

--
-- Estructura de tabla para la tabla `producto`
--

CREATE TABLE `producto` (
  `idproducto` bigint(20) NOT NULL,
  `pronombre` varchar(15) NOT NULL,
  `prodetalle` varchar(512) NOT NULL,
  `procantstock` int(11) NOT NULL,
  `proestado` int(1) NOT NULL DEFAULT 1 COMMENT 'Se inician en habilitado = 1',
  `proprecio` int(6) DEFAULT NULL
) ENGINE=InnoDB DEFAULT CHARSET=latin1;

--
-- Volcado de datos para la tabla `producto`
--

INSERT INTO `producto` (`idproducto`, `pronombre`, `prodetalle`, `procantstock`, `proestado`, `proprecio`) VALUES
(1, 'REEF 5167', 'Frente y patillas de grilamid. Pendrive de 4GB oculto en terminal de patillas.Forma cuadrado. Medidas 52 19 142', 1, 1, 20000),
(2, 'REEF 198', 'Con alta transparencia, mejor resistencia a los impactos, reduciendo la posibilidad de roturas durante el montaje. Ópticamente superiores y con 100% protección UV.', 5, 1, 25000),
(3, 'REEF 182', 'Lentes de policarbonato con tecnología Comfort, 10 veces más resistente a los impactos que las lentes de plástico, y 35% más livianas y delgadas que las lentes de plástico estándar.', 5, 1, 25000),
(4, 'REEF 127', 'Lentes de policarbonato con tecnología Comfort. Este modelo está a la vanguardia de la moda, con un armazón extra grande con detalles en las patillas', 5, 1, 30000),
(5, 'RAY BAN C', 'Ancho Puente: 51 21 mm. Altura de los cristales:43.9 mm. Longitud de la patilla: 145 mm. Género: Unisex. Color del armazón:Polished Black. Color del lente:Green. Polarizados', 4, 1, 55000),
(6, 'RAY BAN S', 'Ancho Puente: 49,2mm. Altura de los cristales: 41mm. Longitud de la patilla: 145mm. Garantía: 12 meses por fallas de fabricacion. Género: Unisex. Color del armazón: Pulido Negro. Color del lente: Verde', 3, 1, 45000),
(7, 'REEF FREEWAY', 'Frente: Metal/Acetato. Patillas: metal. Largo patillas: 140MM. Puente: 18MM', 2, 1, 32000),
(8, 'TIFFANY 3298', 'Metal color negro/dorado. Patillas con flex. Cristal gris polarizado.', 2, 1, 65000),
(9, 'TIFFANY 3283', 'Acetato color marrón. Cristal sepia polarizado.', 1, 1, 60000),
(10, 'RUSTY MBLK', 'Acetato envolvente color negro mate. Cristal tono gris', 3, 1, 45000),
(11, 'VOGUE 5427S', 'Género:  Mujer, Color del Armazón:   Violeta, Color y Tipo del Lente:   Gris Degrade, Material:  Acetato,  Estilo:  Cat eye, Medida del Lente: Ancho del Lente:  50 mm, Puente:  20 mm, Largo Patilla:  140 mm', 5, 1, 50000),
(12, 'VOGUE 5246S', 'Género:  Mujer, Color del Armazón: Negro y azul, Color y Tipo del Lente: Gris Degrade, Material: Acetato, Estilo: Cat eye, Medida del Lente: Ancho del Lente: 53 mm, Puente: 17 mm, Largo Patilla: 140 mm', 2, 1, 35000),
(13, 'VOGUE 5349S', 'Genero: Mujer, Color del Armazón: Violeta, Color y Tipo del Lente  Violeta Degradee, Material: Acetato, Estilo: Mariposa, Medida del Lente: Puente: 16 mm, Largo Patilla: 140 mm, Ancho del Lente: 55m', 4, 1, 45000),
(14, 'REEF 5167	', 'LENTES DE SOL', 5, 1, 40000),
(15, 'REEF 123', 'LENTES DE SOL', 5, 1, 40000),
(16, 'REEF 1234', 'LENTES DE SOL', 5, 1, 40000),
(17, 'REEF 123456', 'LENTES DE SOL2', 3, 1, 50000),
(18, 'REEF 1234567', 'LENTES DE SOL', 5, 1, 25000);

-- --------------------------------------------------------

--
-- Estructura de tabla para la tabla `rol`
--

CREATE TABLE `rol` (
  `idrol` bigint(20) NOT NULL,
  `rodescripcion` varchar(50) NOT NULL
) ENGINE=InnoDB DEFAULT CHARSET=latin1;

--
-- Volcado de datos para la tabla `rol`
--

INSERT INTO `rol` (`idrol`, `rodescripcion`) VALUES
(1, 'ADMINISTRADOR'),
(2, 'CLIENTE'),
(3, 'DEPOSITO');

-- --------------------------------------------------------

--
-- Estructura de tabla para la tabla `usuario`
--

CREATE TABLE `usuario` (
  `idusuario` bigint(20) NOT NULL,
  `usnombre` varchar(50) NOT NULL,
  `uspass` varchar(150) NOT NULL,
  `usmail` varchar(50) NOT NULL,
  `usdeshabilitado` timestamp NULL DEFAULT NULL
) ENGINE=InnoDB DEFAULT CHARSET=latin1;

--
-- Volcado de datos para la tabla `usuario`
--

INSERT INTO `usuario` (`idusuario`, `usnombre`, `uspass`, `usmail`, `usdeshabilitado`) VALUES
(1, 'ADMIN', '202cb962ac59075b964b07152d234b70', 'admin@admin.com', NULL),
(2, 'DEPOSITO', '202cb962ac59075b964b07152d234b70', 'deposito@deposito.com', '0000-00-00 00:00:00'),
(3, 'CLIENTE1', '202cb962ac59075b964b07152d234b70', 'cliente1@cliente1.com', '0000-00-00 00:00:00'),
(4, 'CLIENTE2', '202cb962ac59075b964b07152d234b70', 'cliente2@cliente2.com', '0000-00-00 00:00:00');

-- --------------------------------------------------------

--
-- Estructura de tabla para la tabla `usuariorol`
--

CREATE TABLE `usuariorol` (
  `idusuario` bigint(20) NOT NULL,
  `idrol` bigint(20) NOT NULL
) ENGINE=InnoDB DEFAULT CHARSET=latin1;

--
-- Volcado de datos para la tabla `usuariorol`
--

INSERT INTO `usuariorol` (`idusuario`, `idrol`) VALUES
(1, 1),
(1, 3),
(2, 3),
(3, 2),
(4, 2);

--
-- Índices para tablas volcadas
--

--
-- Indices de la tabla `compra`
--
ALTER TABLE `compra`
  ADD PRIMARY KEY (`idcompra`),
  ADD UNIQUE KEY `idcompra` (`idcompra`),
  ADD KEY `fkcompra_1` (`idusuario`);

--
-- Indices de la tabla `compraestado`
--
ALTER TABLE `compraestado`
  ADD PRIMARY KEY (`idcompraestado`),
  ADD UNIQUE KEY `idcompraestado` (`idcompraestado`),
  ADD KEY `fkcompraestado_1` (`idcompra`),
  ADD KEY `fkcompraestado_2` (`idcompraestadotipo`);

--
-- Indices de la tabla `compraestadotipo`
--
ALTER TABLE `compraestadotipo`
  ADD PRIMARY KEY (`idcompraestadotipo`);

--
-- Indices de la tabla `compraitem`
--
ALTER TABLE `compraitem`
  ADD PRIMARY KEY (`idcompraitem`),
  ADD UNIQUE KEY `idcompraitem` (`idcompraitem`),
  ADD KEY `fkcompraitem_1` (`idcompra`),
  ADD KEY `fkcompraitem_2` (`idproducto`);

--
-- Indices de la tabla `menu`
--
ALTER TABLE `menu`
  ADD PRIMARY KEY (`idmenu`),
  ADD UNIQUE KEY `idmenu` (`idmenu`),
  ADD KEY `fkmenu_1` (`idpadre`);

--
-- Indices de la tabla `menurol`
--
ALTER TABLE `menurol`
  ADD PRIMARY KEY (`idmenu`,`idrol`),
  ADD KEY `fkmenurol_2` (`idrol`);

--
-- Indices de la tabla `producto`
--
ALTER TABLE `producto`
  ADD PRIMARY KEY (`idproducto`),
  ADD UNIQUE KEY `idproducto` (`idproducto`);

--
-- Indices de la tabla `rol`
--
ALTER TABLE `rol`
  ADD PRIMARY KEY (`idrol`),
  ADD UNIQUE KEY `idrol` (`idrol`);

--
-- Indices de la tabla `usuario`
--
ALTER TABLE `usuario`
  ADD PRIMARY KEY (`idusuario`),
  ADD UNIQUE KEY `idusuario` (`idusuario`);

--
-- Indices de la tabla `usuariorol`
--
ALTER TABLE `usuariorol`
  ADD PRIMARY KEY (`idusuario`,`idrol`),
  ADD KEY `idusuario` (`idusuario`),
  ADD KEY `idrol` (`idrol`);

--
-- AUTO_INCREMENT de las tablas volcadas
--

--
-- AUTO_INCREMENT de la tabla `compra`
--
ALTER TABLE `compra`
  MODIFY `idcompra` bigint(20) NOT NULL AUTO_INCREMENT, AUTO_INCREMENT=4;

--
-- AUTO_INCREMENT de la tabla `compraestado`
--
ALTER TABLE `compraestado`
  MODIFY `idcompraestado` bigint(20) UNSIGNED NOT NULL AUTO_INCREMENT, AUTO_INCREMENT=12;

--
-- AUTO_INCREMENT de la tabla `compraitem`
--
ALTER TABLE `compraitem`
  MODIFY `idcompraitem` bigint(20) UNSIGNED NOT NULL AUTO_INCREMENT, AUTO_INCREMENT=6;

--
-- AUTO_INCREMENT de la tabla `menu`
--
ALTER TABLE `menu`
  MODIFY `idmenu` bigint(20) NOT NULL AUTO_INCREMENT, AUTO_INCREMENT=15;

--
-- AUTO_INCREMENT de la tabla `producto`
--
ALTER TABLE `producto`
  MODIFY `idproducto` bigint(20) NOT NULL AUTO_INCREMENT, AUTO_INCREMENT=19;

--
-- AUTO_INCREMENT de la tabla `rol`
--
ALTER TABLE `rol`
  MODIFY `idrol` bigint(20) NOT NULL AUTO_INCREMENT, AUTO_INCREMENT=4;

--
-- AUTO_INCREMENT de la tabla `usuario`
--
ALTER TABLE `usuario`
  MODIFY `idusuario` bigint(20) NOT NULL AUTO_INCREMENT, AUTO_INCREMENT=5;

--
-- Restricciones para tablas volcadas
--

--
-- Filtros para la tabla `compra`
--
ALTER TABLE `compra`
  ADD CONSTRAINT `fkcompra_1` FOREIGN KEY (`idusuario`) REFERENCES `usuario` (`idusuario`) ON UPDATE CASCADE;

--
-- Filtros para la tabla `compraestado`
--
ALTER TABLE `compraestado`
  ADD CONSTRAINT `fkcompraestado_1` FOREIGN KEY (`idcompra`) REFERENCES `compra` (`idcompra`) ON UPDATE CASCADE,
  ADD CONSTRAINT `fkcompraestado_2` FOREIGN KEY (`idcompraestadotipo`) REFERENCES `compraestadotipo` (`idcompraestadotipo`) ON UPDATE CASCADE;

--
-- Filtros para la tabla `compraitem`
--
ALTER TABLE `compraitem`
  ADD CONSTRAINT `fkcompraitem_1` FOREIGN KEY (`idcompra`) REFERENCES `compra` (`idcompra`) ON UPDATE CASCADE,
  ADD CONSTRAINT `fkcompraitem_2` FOREIGN KEY (`idproducto`) REFERENCES `producto` (`idproducto`) ON UPDATE CASCADE;

--
-- Filtros para la tabla `menu`
--
ALTER TABLE `menu`
  ADD CONSTRAINT `fkmenu_1` FOREIGN KEY (`idpadre`) REFERENCES `menu` (`idmenu`) ON UPDATE CASCADE;

--
-- Filtros para la tabla `menurol`
--
ALTER TABLE `menurol`
  ADD CONSTRAINT `fkmenurol_1` FOREIGN KEY (`idmenu`) REFERENCES `menu` (`idmenu`) ON UPDATE CASCADE,
  ADD CONSTRAINT `fkmenurol_2` FOREIGN KEY (`idrol`) REFERENCES `rol` (`idrol`) ON UPDATE CASCADE;

--
-- Filtros para la tabla `usuariorol`
--
ALTER TABLE `usuariorol`
  ADD CONSTRAINT `fkmovimiento_1` FOREIGN KEY (`idrol`) REFERENCES `rol` (`idrol`) ON UPDATE CASCADE,
  ADD CONSTRAINT `usuariorol_ibfk_2` FOREIGN KEY (`idusuario`) REFERENCES `usuario` (`idusuario`) ON UPDATE CASCADE;
COMMIT;

/*!40101 SET CHARACTER_SET_CLIENT=@OLD_CHARACTER_SET_CLIENT */;
/*!40101 SET CHARACTER_SET_RESULTS=@OLD_CHARACTER_SET_RESULTS */;
/*!40101 SET COLLATION_CONNECTION=@OLD_COLLATION_CONNECTION */;
